{
  "schema_version": "1.0",
  "scan_id": "9606c256-947a-40ad-b911-05ae34f60a9b",
  "timestamp_utc": "2026-01-08T23:41:45Z",
  "input": {
    "input_path": "/Users/marianosanchezrojas/tools/aegis-forge/notepad_infected.zip",
    "file_size": 182239,
    "sha256": "b57e1f7a5d916340c0ecaa61a5ffe21ef459b3aea0bb4e1c5f6e40e116f4376b",
    "md5": "8a081442d2a3e3b711df8e68e7d69c17",
    "file_type": "zip",
    "notes": "Static-only. No execution. Input remains unchanged."
  },
  "findings": {
    "archive": {
      "type": "zip",
      "member_count": 1,
      "scanned_member_count": 0,
      "members_scanned": []
    },
    "iocs": {
      "urls": [],
      "ipv4": [],
      "domains": []
    }
  },
  "errors": [
    {
      "code": "E_ARCHIVE_ENCRYPTED_NEEDS_PASSWORD",
      "message": "Encrypted ZIP member requires a password; none of the provided passwords worked.",
      "archive_path": "/Users/marianosanchezrojas/tools/aegis-forge/notepad_infected.zip",
      "member_path": "tests/fixtures/notepad.exe"
    }
  ]
}