{
  "schema_version": "1.0",
  "scan_id": "fbcb56e7-dfe1-4b48-8e3b-0111fc35bbd1",
  "timestamp_utc": "2026-01-08T23:37:38Z",
  "input": {
    "input_path": "/Users/marianosanchezrojas/tools/aegis-forge/tests/fixtures/notepad.exe",
    "file_size": 327168,
    "sha256": "5557eba87fa7702324d2a62c994ba5b08510ae8c93dbcc50479224833872a026",
    "md5": "cf4f6d2d49687d9516a12665fd6bb004",
    "file_type": "pe",
    "notes": "Static-only. No execution. Input remains unchanged."
  },
  "findings": {
    "strings": {
      "ascii": [
        "!This program cannot be run in DOS mode.",
        "N:rCN:rCN:rCGB",
        ":rCN:rCO:rC7",
        "vBD:rC7",
        "wBQ:rC7",
        "qBI:rC7",
        "sBI:rCN:sC",
        "?rC7",
        "zBR:rC7",
        "CO:rC7",
        "CO:rC7",
        "pBO:rCRichN:rC",
        ".text",
        "`fothk",
        "`.rdata",
        "@.data",
        ".pdata",
        "@.didat",
        ".rsrc",
        "@.reloc",
        "@9*,",
        ")(0@",
        "C@9H",
        "hbs9",
        "Rhb39 ",
        "Th=@",
        "TH1@y",
        "H)@y",
        "TH1@y",
        "Tj\"@",
        "yh\"@9",
        "yh\"@9",
        "ABqa",
        "yh\"@9",
        "yhB@",
        "#@yh",
        "GA9H",
        "@yh2",
        "@9h\"@9",
        "\"@9h&@9",
        "@9h\"",
        "\"@9h&",
        "4hB@y",
        "ThF@y",
        "hB@yH",
        "%@xj",
        "*i`x",
        "T-ij",
        "*U|@",
        "@x`B_",
        "=jF@",
        "9`bB",
        "'A)!",
        "Th:D",
        "3@yh",
        "4`FB",
        "$@xJ",
        "(ibxJ",
        "y(-@xB",
        "TH;D",
        "*@y4",
        "*.@)",
        "(&@)!",
        "*.@)",
        "(&@)!",
        "#D)?",
        "Ta|P",
        "(=@y",
        "9@aB",
        "&A)3",
        "#B)!",
        "RC+@",
        "RX/@",
        "YS@9S",
        "%@xL",
        "R@'@",
        "@9(=",
        "3Hi!x!",
        "(9@y",
        "(5@y",
        "(A@y",
        "j.@x",
        ")2@)",
        "(.@)",
        "(*@))",
        "R`FB",
        "T`FB",
        "_8f]",
        "k5LKk",
        "k)MJl",
        "TH1@y",
        "7`kz",
        "7i@%",
        "7i@%",
        "_8@\\",
        "k5NKk",
        "B KJB",
        "7a#@",
        "_8t^",
        "_8c>",
        "_8s\\",
        "c4GKj",
        "c(JJg",
        "_8f]",
        "k5LKk",
        "k)MJl",
        "TH1@y",
        "7`kz",
        "_8f]",
        "k5LKk",
        "k)MJl",
        "TH1@y",
        "7`kz",
        "R[Yh",
        "4hJ@",
        "hij8(yh",
        "hih8(yh",
        "hih8(yh",
        "_8f]",
        "k5LKk",
        "k)MJl",
        "*&@)",
        "*&@)",
        "KH?@",
        "4N@)",
        "(*@)",
        "(2@)K",
        "K(}(",
        "4b@)",
        "(*@)",
        ").@)",
        ")\"@)",
        "+*@)",
        ")*@)",
        "&.@)?",
        "4Ek`8",
        "Ek 8#",
        "4b@)",
        "(*@)",
        ").@)",
        ")\"@)",
        "+*@)",
        ")*@)",
        "&.@)?",
        "4Ek`8",
        "Ek 8#",
        "'2@)",
        "..@)",
        "4b@)",
        "3\"@)",
        "&.@)",
        "4Ek`8",
        "Ek 8#",
        "7b@)",
        "&.@)",
        "4Ek`8",
        "Ek 8#",
        "_8f]",
        "k5LKk",
        "k)MJl",
        "TH1@y",
        "7`kz",
        "_8@\\",
        "k5NKk",
        "B KJB",
        "_8t^",
        "_8a>",
        "_83\\",
        "!4NK,",
        "!(LJ.",
        "Wz 2",
        "0P!s",
        "TiY(xI-@x",
        "5hRB",
        "5hRB",
        "hRD9",
        "hVD9",
        "hZD9",
        "h^D9",
        "hbD9",
        "hfD9",
        "hjD9",
        "hnD9",
        "`&@xH",
        "!4k`",
        "Z5xH",
        "'I)!",
        "=(}(",
        "(2@)-",
        ")>@)",
        "(:@)",
        ".>@)",
        "\"CyH",
        "*\"@)",
        ")\"@)J",
        "49G(",
        "(isx",
        "*ihx",
        ",@xi",
        "!@y_",
        "%@y_",
        ")@y_",
        "-@y_",
        "1@y_",
        "5@y_",
        ".@xH",
        "RKE@",
        "{+xh",
        "R`FB",
        "4`FB",
        "4hB@y",
        "yh>@y",
        "yh:@y",
        "yh6@y",
        "yh2@y",
        "yh.@y",
        "yh*@y",
        "yh&@y",
        "yh\"@y",
        "H6a&@",
        "@6h\"@",
        " 6a ",
        "hb@y",
        "@6h\"@",
        "Rcb@y",
        "cf@y!",
        "+%@xk",
        "Unknown exception",
        "bad allocation",
        "bad array new length",
        "ADVAPI32.dll",
        "COMDLG32.dll",
        "PROPSYS.dll",
        "SHELL32.dll",
        "WINSPOOL.DRV",
        "urlmon.dll",
        "Exception",
        "ReturnNt",
        "ReturnHr",
        "LogNt",
        "LogHr",
        "FailFast",
        "RtlDisownModuleHeapAllocation",
        "RaiseFailFastException",
        "onecore\\internal\\sdk\\inc\\wil\\opensource\\wil\\resource.h",
        "WilError_03",
        "RtlNtStatusToDosErrorNoTeb",
        "RtlDllShutdownInProgress",
        "WilFailureNotifyWatchers",
        "RtlQueryFeatureConfiguration",
        "RtlRegisterFeatureConfigurationChangeNotification",
        "RtlUnregisterFeatureConfigurationChangeNotification",
        "RtlNotifyFeatureUsage",
        "LogStagedFeatureUsage",
        "NtQueryWnfStateData",
        "NtUpdateWnfStateData",
        "onecore\\internal\\sdk\\inc\\wil/Staging.h",
        "WilStaging_02",
        "Aonecore\\internal\\sdk\\inc\\wil\\opensource\\wil\\winrt.h",
        "shell\\osshell\\accesory\\notepad\\banner.cpp",
        "shell\\osshell\\accesory\\notepad\\notepad.cpp",
        "shell\\osshell\\accesory\\notepad\\filesystemhelpers.h",
        "onecore\\internal\\sdk\\inc\\wil\\opensource/wil/win32_helpers.h",
        "onecore\\internal\\sdk\\inc\\wil\\opensource/wil/filesystem.h",
        "shell\\osshell\\accesory\\notepad\\nprestart.cpp",
        "305.1i",
        "comdlg32.dll",
        "oLW\\f",
        "W~Rg",
        "F0^E",
        "P\"#v",
        "f4Og|",
        "/Wo4",
        "uttT",
        "5e<N",
        "X\\?E/5",
        "l6s+o",
        "<)&\\",
        "'t4n",
        "sQPI[5T",
        "Z~8|",
        "bgOne",
        "m]#0D",
        "A(`I",
        "{yR/",
        "Da6N^",
        "@W=7A=",
        "b!-8",
        "b[<M",
        "d|BNeU",
        "ky;T",
        "H{cF",
        ".za3",
        ",B>DY",
        "Vving1",
        "x'u8",
        ":Iq<",
        "=ncf",
        "=E3&",
        "cM=W",
        "gxI3!'",
        "ew0hp",
        "GCHD",
        "WAxK0i",
        "FWph?r",
        "E|Xf",
        "i{Qw",
        "TYKe",
        "Vs$}",
        "UX#~",
        "5}kg",
        "or>v",
        "'R{=f",
        "$Aka",
        "ThAr",
        "xv#?H",
        "7T})gW",
        "%UM;%",
        "TCR=",
        "{ITq",
        "hwp1p0",
        "5+JJ",
        "\"o!@",
        "+dBVY",
        "Ly^X`",
        "f9b:",
        "WrT0",
        "Y-h0",
        "2!+K",
        " Sf7",
        "tW5~",
        "hgtlCm",
        "^BNQ,^",
        "z?801i:It6",
        "=F:h",
        "yrlD",
        "'{WY",
        "$>b~t",
        "1o?-XfF",
        "$(SQO",
        "T8T3",
        "rY&'K",
        ">nOf",
        "w3OD",
        "VY$[X",
        "VG2/iI",
        "~2D{",
        "S~=5p",
        "Qep$",
        "/w'`",
        "/5.!",
        "~)xn",
        "bWti^",
        "ul%G1",
        "byjA`",
        "w9X!P/",
        "NtQuerySystemInformation",
        "shell\\osshell\\accesory\\common\\edpapphelper\\edpapphelper.cpp",
        "},YOP",
        "&,FY",
        "ETW0",
        "EncodingSelection",
        "SessionId",
        "SequenceNumber",
        "Encoding",
        "PageSetupUpdated",
        "SessionId",
        "SequenceNumber",
        "HasHeaderOrFooter",
        "ViewHelp",
        "SessionId",
        "SequenceNumber",
        "TimeDateInvoked",
        "SessionId",
        "SequenceNumber",
        "IsLogEntry",
        "SearchBingInvoked",
        "SessionId",
        "SequenceNumber",
        "entrypoint",
        "hasQueryText",
        "FreshWindow",
        "SessionId",
        "SequenceNumber",
        "IsAdminMode",
        "AppExit",
        "SessionId",
        "SequenceNumber",
        "FileNewCount",
        "FileSaveCount",
        "FileSaveAsCount",
        "FilePrintCount",
        "EditUndoCount",
        "EditCutCount",
        "EditCopyCount",
        "EditPasteCount",
        "EditDeleteCount",
        "EditFindCount",
        "EditReplaceCount",
        "EditGotoCount",
        "FormatFontCount",
        "EdpFileOpenCount",
        "EdpFileSaveCount",
        "EdpPasteToNoContextCount",
        "EdpFileOpenAttemptFailCount",
        "FileSize",
        "IsWordWrap",
        "StatusBarVisibility",
        "SaveComplete",
        "SessionId",
        "SequenceNumber",
        "SaveComplete",
        "SessionId",
        "SequenceNumber",
        "ContentType",
        "FileExtension",
        "FileSize",
        "IsNetworkPath",
        "Encoding",
        "SaveStart",
        "SessionId",
        "SequenceNumber",
        "FileOpenComplete",
        "SessionId",
        "SequenceNumber",
        "ContentType",
        "FileExtension",
        "FileSize",
        "IsNetworkPath",
        "Encoding",
        "FileOpenStart",
        "SessionId",
        "SequenceNumber",
        "LaunchNotepadComplete",
        "SessionId",
        "SequenceNumber",
        "IsAdminMode",
        "LaunchNotepadStart",
        "SessionId",
        "SequenceNumber",
        "MqXM",
        "Microsoft.Notepad",
        "RSDS\"@X",
        ")xNe",
        "notepad.pdb",
        "OGPS",
        ".text",
        ".text$di",
        ".text$mn",
        ".text$mn$00",
        ".text$x",
        ".text$yd",
        "fogrp",
        ".idata$5",
        ".00cfg",
        ".CRT$XCA",
        ".CRT$XCAA",
        ".CRT$XCU",
        ".CRT$XCZ",
        ".CRT$XIA",
        ".CRT$XIAA",
        ".CRT$XIAC",
        ".CRT$XIC",
        ".CRT$XIZ",
        ".CRT$XPA",
        ".CRT$XPZ",
        ".CRT$XTA",
        ".CRT$XTZ",
        ".gehcont",
        ".gfids",
        ".giats",
        ".rdata",
        ".rdata$r",
        ".rdata$zETW0",
        ".rdata$zETW1",
        ".rdata$zETW2",
        ".rdata$zETW9",
        ".rdata$zzzdbg",
        ".rtc$IAA",
        ".rtc$IZZ",
        ".rtc$TAA",
        ".rtc$TZZ",
        ".xdata",
        ".xdata$x",
        ".didat$2",
        ".didat$3",
        ".didat$4",
        ".didat$6",
        ".didat$7",
        ".idata$2",
        ".idata$3",
        ".idata$4",
        ".idata$6",
        ".data",
        ".data$r",
        ".data$rs",
        ".bss",
        ".pdata",
        ".didat$5",
        ".rsrc$01",
        ".rsrc$02",
        ")xNe",
        "hwTS",
        "DuplicateEncryptionInfoFile",
        "DecryptFileW",
        "CommDlgExtendedError",
        "ChooseFontW",
        "PageSetupDlgW",
        "PrintDlgExW",
        "FindTextW",
        "ReplaceTextW",
        "GetOpenFileNameW",
        "GetSaveFileNameW",
        "GetFileTitleW",
        "PSGetPropertyDescriptionListFromString",
        "PropVariantToStringVectorAlloc",
        "SHCreateItemFromParsingName",
        "ShellExecuteW",
        "ShellAboutW",
        "DragQueryFileW",
        "DragFinish",
        "SHAddToRecentDocs",
        "DragAcceptFiles",
        "SHGetKnownFolderPath",
        "OpenPrinterW",
        "GetPrinterDriverW",
        "ClosePrinter",
        "FindMimeFromData",
        "CreateFontIndirectW",
        "CreateCompatibleDC",
        "SelectObject",
        "GetTextExtentPoint32W",
        "CreateSolidBrush",
        "SetBkColor",
        "DeleteObject",
        "DeleteDC",
        "GetDeviceCaps",
        "GetTextFaceW",
        "EnumFontsW",
        "TextOutW",
        "SetMapMode",
        "SetViewportExtEx",
        "SetWindowExtEx",
        "LPtoDP",
        "SetBkMode",
        "GetTextMetricsW",
        "EndPage",
        "AbortDoc",
        "EndDoc",
        "SetAbortProc",
        "StartDocW",
        "StartPage",
        "CreateDCW",
        "GDI32.dll",
        "GetClientRect",
        "DestroyWindow",
        "GetDpiForWindow",
        "SystemParametersInfoForDpi",
        "SendMessageW",
        "MoveWindow",
        "GetDC",
        "ReleaseDC",
        "PostMessageW",
        "LoadStringW",
        "RegisterClassExW",
        "CreateWindowExW",
        "PostQuitMessage",
        "BeginPaint",
        "EndPaint",
        "FillRect",
        "DrawTextW",
        "DrawFocusRect",
        "DefWindowProcW",
        "TrackMouseEvent",
        "InvalidateRect",
        "DestroyIcon",
        "SetThreadDpiAwarenessContext",
        "DialogBoxParamW",
        "LoadIconW",
        "GetFocus",
        "MessageBoxW",
        "ShowWindow",
        "SetCursor",
        "SetActiveWindow",
        "EnableMenuItem",
        "IsIconic",
        "SetFocus",
        "MessageBeep",
        "GetForegroundWindow",
        "GetDlgCtrlID",
        "SetWindowPos",
        "RedrawWindow",
        "GetKeyboardLayout",
        "CharNextW",
        "SetWinEventHook",
        "GetMessageW",
        "TranslateAcceleratorW",
        "IsDialogMessageW",
        "TranslateMessage",
        "DispatchMessageW",
        "UnhookWinEvent",
        "SetWindowTextW",
        "GetMenu",
        "GetSubMenu",
        "OpenClipboard",
        "IsClipboardFormatAvailable",
        "CloseClipboard",
        "CheckMenuItem",
        "SetDlgItemTextW",
        "GetDlgItemTextW",
        "EndDialog",
        "SendDlgItemMessageW",
        "SetScrollPos",
        "UpdateWindow",
        "GetWindowPlacement",
        "SetWindowPlacement",
        "CharUpperW",
        "GetSystemMenu",
        "LoadAcceleratorsW",
        "SetWindowLongW",
        "MonitorFromWindow",
        "RegisterWindowMessageW",
        "LoadCursorW",
        "LoadImageW",
        "GetWindowTextLengthW",
        "GetWindowLongW",
        "PeekMessageW",
        "GetWindowTextW",
        "EnableWindow",
        "CreateDialogParamW",
        "DrawTextExW",
        "IsWindow",
        "CreateDialogIndirectParamW",
        "GetPropW",
        "SetPropW",
        "GetDlgItem",
        "RemovePropW",
        "CheckDlgButton",
        "CheckRadioButton",
        "IsDlgButtonChecked",
        "NotifyWinEvent",
        "USER32.dll",
        "wcsnlen",
        "_initterm",
        "_initterm_e",
        "_c_exit",
        "_register_thread_local_exe_atexit_callback",
        "api-ms-win-crt-string-l1-1-0.dll",
        "api-ms-win-crt-runtime-l1-1-0.dll",
        "__C_specific_handler",
        "wcschr",
        "wcsrchr",
        "_o___p__commode",
        "_o___std_exception_copy",
        "_o___std_exception_destroy",
        "_o___stdio_common_vswprintf",
        "_o__beginthreadex",
        "_o__callnewh",
        "_o__cexit",
        "_o__configthreadlocale",
        "_o__configure_wide_argv",
        "_o__crt_atexit",
        "_o__errno",
        "_o__exit",
        "_o__get_wide_winmain_command_line",
        "_o__initialize_onexit_table",
        "_o__initialize_wide_environment",
        "_o__invalid_parameter_noinfo",
        "_o__purecall",
        "_o__register_onexit_function",
        "_o__seh_filter_exe",
        "_o__set_app_type",
        "_o__set_fmode",
        "_o__set_new_mode",
        "_o__wcsicmp",
        "_o__wtol",
        "_o_exit",
        "_o_free",
        "_o_iswdigit",
        "_o_malloc",
        "_o_terminate",
        "__CxxFrameHandler3",
        "__current_exception",
        "__current_exception_context",
        "_CxxThrowException",
        "api-ms-win-crt-private-l1-1-0.dll",
        "GetModuleFileNameA",
        "CreateSemaphoreExW",
        "HeapFree",
        "SetLastError",
        "EnterCriticalSection",
        "ReleaseSemaphore",
        "GetModuleHandleExW",
        "LeaveCriticalSection",
        "InitializeCriticalSectionEx",
        "WaitForThreadpoolTimerCallbacks",
        "WaitForSingleObject",
        "GetCurrentThreadId",
        "ReleaseMutex",
        "FormatMessageW",
        "GetLastError",
        "ReleaseSRWLockExclusive",
        "OutputDebugStringW",
        "CloseThreadpoolTimer",
        "AcquireSRWLockExclusive",
        "WaitForSingleObjectEx",
        "OpenSemaphoreW",
        "CloseHandle",
        "SetThreadpoolTimer",
        "ReleaseSRWLockShared",
        "CreateThreadpoolTimer",
        "HeapAlloc",
        "GetProcAddress",
        "CreateMutexExW",
        "AcquireSRWLockShared",
        "DeleteCriticalSection",
        "GetCurrentProcessId",
        "GetProcessHeap",
        "GetModuleHandleW",
        "DebugBreak",
        "IsDebuggerPresent",
        "CoTaskMemFree",
        "RegSetKeyValueW",
        "MulDiv",
        "PathFileExistsW",
        "RaiseException",
        "WindowsCreateStringReference",
        "CoTaskMemAlloc",
        "RegGetValueW",
        "RoGetActivationFactory",
        "CreateEventExW",
        "CoWaitForMultipleHandles",
        "SetEvent",
        "CoCreateFreeThreadedMarshaler",
        "GlobalFree",
        "GetLocaleInfoW",
        "CreateFileW",
        "ReadFile",
        "GetACP",
        "CoCreateInstance",
        "PathIsFileSpecW",
        "SHStrDupW",
        "OpenProcessToken",
        "GetCurrentProcess",
        "GetTokenInformation",
        "GetCommandLineW",
        "HeapSetInformation",
        "CoInitializeEx",
        "CoUninitialize",
        "LocalFree",
        "LocalAlloc",
        "FindFirstFileW",
        "FindClose",
        "FoldStringW",
        "K32GetModuleFileNameExW",
        "GetModuleFileNameW",
        "GetUserDefaultUILanguage",
        "GetLocalTime",
        "GetDateFormatW",
        "GetTimeFormatW",
        "WideCharToMultiByte",
        "WriteFile",
        "GetFileAttributesW",
        "LocalLock",
        "LocalUnlock",
        "DeleteFileW",
        "SetEndOfFile",
        "PathFindExtensionW",
        "GetFileAttributesExW",
        "GetFileInformationByHandle",
        "CreateFileMappingW",
        "MapViewOfFile",
        "MultiByteToWideChar",
        "LocalReAlloc",
        "UnmapViewOfFile",
        "GetFullPathNameW",
        "RegSetValueExW",
        "RegQueryValueExW",
        "RegCreateKeyW",
        "RegCloseKey",
        "RegOpenKeyExW",
        "LocalSize",
        "GetStartupInfoW",
        "GetDpiForMonitor",
        "lstrcmpiW",
        "FindNLSString",
        "GlobalLock",
        "GlobalUnlock",
        "GlobalAlloc",
        "RegCreateKeyExW",
        "RegDeleteKeyExW",
        "RegQueryInfoKeyW",
        "RegEnumValueW",
        "SetCurrentDirectoryW",
        "GetDiskFreeSpaceExW",
        "CreateDirectoryW",
        "CoCreateGuid",
        "RegisterApplicationRestart",
        "GetCurrentDirectoryW",
        "EventSetInformation",
        "EventRegister",
        "EventUnregister",
        "EventWriteTransfer",
        "IsTextUnicode",
        "CreateProcessW",
        "FindResourceExW",
        "LockResource",
        "FindResourceW",
        "LoadResource",
        "GetModuleHandleA",
        "QueryPerformanceCounter",
        "GetSystemTimeAsFileTime",
        "InitializeSListHead",
        "SetUnhandledExceptionFilter",
        "GetProcessMitigationPolicy",
        "FreeLibrary",
        "PropVariantClear",
        "WindowsCreateString",
        "SetRestrictedErrorInfo",
        "CompareStringOrdinal",
        "RoGetMatchingRestrictedErrorInfo",
        "WindowsDeleteString",
        "WindowsGetStringRawBuffer",
        "api-ms-win-core-libraryloader-l1-2-0.dll",
        "api-ms-win-core-synch-l1-1-0.dll",
        "api-ms-win-core-heap-l1-1-0.dll",
        "api-ms-win-core-errorhandling-l1-1-0.dll",
        "api-ms-win-core-threadpool-l1-2-0.dll",
        "api-ms-win-core-processthreads-l1-1-0.dll",
        "api-ms-win-core-localization-l1-2-0.dll",
        "api-ms-win-core-debug-l1-1-0.dll",
        "api-ms-win-core-handle-l1-1-0.dll",
        "api-ms-win-core-com-l1-1-0.dll",
        "api-ms-win-core-registry-l1-1-1.dll",
        "api-ms-win-core-largeinteger-l1-1-0.dll",
        "api-ms-win-core-shlwapi-legacy-l1-1-0.dll",
        "api-ms-win-core-winrt-string-l1-1-0.dll",
        "api-ms-win-core-registry-l1-1-0.dll",
        "api-ms-win-core-winrt-l1-1-0.dll",
        "api-ms-win-core-heap-l2-1-0.dll",
        "api-ms-win-core-file-l1-1-0.dll",
        "api-ms-win-shcore-obsolete-l1-1-0.dll",
        "api-ms-win-security-base-l1-1-0.dll",
        "api-ms-win-core-processenvironment-l1-1-0.dll",
        "api-ms-win-core-string-l1-1-0.dll",
        "api-ms-win-core-psapi-l1-1-0.dll",
        "api-ms-win-core-localization-obsolete-l1-2-0.dll",
        "api-ms-win-core-sysinfo-l1-1-0.dll",
        "api-ms-win-core-datetime-l1-1-0.dll",
        "api-ms-win-shcore-path-l1-1-0.dll",
        "api-ms-win-core-memory-l1-1-0.dll",
        "api-ms-win-core-registry-l2-1-0.dll",
        "api-ms-win-core-heap-obsolete-l1-1-0.dll",
        "api-ms-win-shcore-scaling-l1-1-1.dll",
        "api-ms-win-core-string-obsolete-l1-1-0.dll",
        "api-ms-win-core-windowserrorreporting-l1-1-3.dll",
        "api-ms-win-eventing-provider-l1-1-0.dll",
        "api-ms-win-base-util-l1-1-0.dll",
        "api-ms-win-core-libraryloader-l1-2-1.dll",
        "api-ms-win-core-profile-l1-1-0.dll",
        "api-ms-win-core-interlocked-l1-1-0.dll",
        "api-ms-win-core-processthreads-l1-1-1.dll",
        "api-ms-win-core-winrt-error-l1-1-0.dll",
        "api-ms-win-core-winrt-error-l1-1-1.dll",
        "ImageList_Create",
        "ImageList_SetBkColor",
        "ImageList_ReplaceIcon",
        "ImageList_Draw",
        "ImageList_GetIconSize",
        "ImageList_Destroy",
        "CreateStatusWindowW",
        "COMCTL32.dll",
        "ResolveDelayLoadedAPI",
        "DelayLoadFailureHook",
        "api-ms-win-core-delayload-l1-1-1.dll",
        "api-ms-win-core-delayload-l1-1-0.dll",
        "wcscmp",
        "memcmp",
        "memcpy",
        "memmove",
        "memset",
        "ew|>&=4_",
        "bVn{",
        ".?AVbad_alloc@std@@",
        ".?AVexception@std@@",
        ".?AVbad_array_new_length@std@@",
        ".?AVtype_info@@",
        "<?xml version=\"1.0\" encoding=\"UTF-8\" standalone=\"yes\"?>",
        "<!-- Copyright (c) Microsoft Corporation -->",
        "<assembly xmlns=\"urn:schemas-microsoft-com:asm.v1\" manifestVersion=\"1.0\">",
        "<assemblyIdentity",
        "    name=\"Microsoft.Windows.Shell.notepad\"",
        "    processorArchitecture=\"arm64\"",
        "    version=\"5.1.0.0\"",
        "    type=\"win32\"/>",
        "<description>Windows Shell</description>",
        "<dependency>",
        "    <dependentAssembly>",
        "        <assemblyIdentity",
        "            type=\"win32\"",
        "            name=\"Microsoft.Windows.Common-Controls\"",
        "            version=\"6.0.0.0\"",
        "            processorArchitecture=\"*\"",
        "            publicKeyToken=\"6595b64144ccf1df\"",
        "            language=\"*\"",
        "        />",
        "    </dependentAssembly>",
        "</dependency>",
        "<trustInfo xmlns=\"urn:schemas-microsoft-com:asm.v3\">",
        "    <security>",
        "        <requestedPrivileges>",
        "            <requestedExecutionLevel level=\"asInvoker\" uiAccess=\"false\"/>",
        "        </requestedPrivileges>",
        "    </security>",
        "</trustInfo>",
        "<application xmlns=\"urn:schemas-microsoft-com:asm.v3\">",
        "    <windowsSettings xmlns:ws2=\"http://schemas.microsoft.com/SMI/2016/WindowsSettings\">",
        "        <ws2:dpiAwareness>PerMonitorV2</ws2:dpiAwareness>",
        "        <ws2:longPathAware>true</ws2:longPathAware>",
        "    </windowsSettings>",
        "</application>",
        "</assembly>",
        "xxh~",
        "h~~~x",
        "xxxxx",
        "xwxxx",
        "x~~~",
        "wwwwx",
        "ohhhh",
        "CDE:",
        "DDEA<::?6",
        "GIIEA<;;?332,'",
        "DNEE<<??>22+(&&&'3",
        "SRRQPE@??>2,,('''',+233",
        "SQRQPNNDDD??,((,(,,+33222',6",
        "MNNEDDDDDI,2,,2233232,2,,2C+",
        "@DIIIICCGIC3>3>2?2??2?C3G63G",
        "?IIIIILILL?GC?CC>GGGG>GCC?C,",
        "DIILOOO",
        "CKGGGGGGDCCCCCGGG",
        "LLLLLILKK",
        "GLCL2",
        "LLLLIIIILIC",
        "LOLSI",
        "LLLC",
        "SIS+",
        "p5-h-/z1~",
        "~zxjhj",
        "4++'&",
        "4+++*(",
        "@?=,+/",
        "===111*!",
        "!!!!!!",
        "'141133!/!(!(!\"\"/\"\"",
        "414;;4",
        "/2/22222////2",
        ";;;;4;3423332",
        ";;;;4:",
        "jZZ \\ZdZ^nN",
        "~nnn^^TdUhUlWVkt",
        "gQkQml",
        "))#(\"",
        ".(..",
        "%%!!!!!%0",
        "3.r6x.3+,+.0+*!",
        "|r8kr33.33m",
        "xx8rrk3+",
        "xr3.t",
        "x8r3",
        "f_UUURTP",
        "gbXOOLOZ[dbp",
        "\\[]iq",
        "GXXXXXXXXXX",
        ")KK1.-%",
        "$KB>;88$",
        "8KH11.%\"",
        "H>KKH;;8)$",
        ";K631-.\"",
        "(PMKH>;8))",
        ")TE@330.\"",
        ";LTMMK>;8+$",
        "KHFE@330.",
        "8VTMLH>;.(",
        "(WVTMK>;8+",
        "IHDR",
        "sRGB",
        "gAMA",
        " cHRM",
        "IDATx^",
        "amZa",
        "|8?99zEc",
        "r48.",
        "TDjjr",
        "}hAJ",
        "?80s~",
        "@%H|V",
        "*);x",
        "G-iX",
        "{&1'",
        "713$=",
        "^mk!",
        "|Ef$",
        "}UTU",
        "d@3Da",
        "WN5`",
        "sCN $A",
        "\">%I$",
        "@2`Xa",
        "crqJ",
        "80-8",
        "9,IE",
        "'NHLF",
        "wKmm",
        "\\qyC",
        "O%]u",
        "mem2KJ",
        "y5>O&",
        "%>)E",
        "XPL<b",
        "|'CG",
        "hIKK",
        "+Vl@",
        "TcBv",
        "0MQ6I",
        "6JFI",
        "% $T",
        "CO=]",
        "}^=47\"",
        "tz80&a%",
        "||Zhx",
        "hyy^",
        "@IJM",
        "%<!Y",
        "w66&",
        "j1'\"Z",
        ";svv",
        "?0,AX",
        "]?%(",
        "GIjf",
        "7oCb",
        ">(^f",
        "g#S/",
        "|[FM",
        "=?>{",
        "JH\"q",
        "5eR@PahB",
        "nis=",
        ",c*\"",
        ":|LV",
        "@7C!",
        "* A^",
        "2;*N",
        "3Ow~>",
        "Pmdu",
        "oUbp*",
        "<42|",
        "?'Dz",
        "zx50J",
        "6CB\"",
        "0?Nf",
        "?T-_",
        "wb^ee",
        "H(bu",
        "HTIO&",
        "oB5f",
        "S^QO",
        "OJ`t",
        "\\,kv",
        "h77J",
        "Ww?t",
        "]_}%",
        "xs'C",
        "u)_A",
        "'2+8Ly",
        "{e~Z",
        "v=zK(",
        "HvIOK",
        ":t=v",
        "HJnW",
        "3N^l",
        "UE&c'O",
        "c&!I",
        "KGT.",
        "Hjq%",
        "2JdTi",
        "?|RV",
        "b$$W",
        "i9HH",
        "2,*Y",
        "5ca6",
        "\\bVnU",
        "vAUb",
        "02=[",
        "1,>IM",
        "V4SYu",
        ":({?<#k",
        ";rB6",
        "@BN:",
        "@>!;_",
        "X&9Lx\"",
        "E5K@",
        "keYM",
        "TT.q",
        "3A%$[w",
        "C!,[%",
        "23T%#",
        ".8A:",
        "UJM,",
        "%%-Q",
        "$xZo",
        "Y=X{",
        "E2Wn",
        ">;z~",
        "ZOb\"",
        "q27:^u",
        "Cucvp",
        "S%tA",
        "?#<R",
        "+e&r",
        "!lX')",
        "Cd@x",
        "t$!#",
        "(_T-u",
        "dj'7",
        "24&C",
        "H~bXGB",
        "CecFx",
        "269W",
        "UHdV",
        "KA%`",
        "}W:aV",
        "KWIH",
        "L-^,3",
        "2:1W",
        "SZe>",
        "J{L6nD",
        "`lX06,?",
        "2<<V",
        "D-Y)",
        "h8tl",
        ">rJV",
        "F%HG",
        "tXJh",
        "6HDv",
        "ieKe|A",
        "qtN(",
        ",k<.KQ",
        "226M",
        "1P#$",
        "LDNa<",
        "M(G9",
        "oon;M=",
        "KFD$",
        "#d(E",
        "|*+@F!",
        "@;L3",
        "0y;:]Z",
        "W<\\T",
        "e+dh9",
        "5<!A",
        "#zfU%",
        "&-]'",
        "b,$!",
        "C6',",
        "IK\\4b",
        "3Vv;",
        "8?U>",
        "z?@^",
        "h;Z|?2",
        "rN!~",
        "?-A%",
        "R(g,",
        "_|_0r",
        "9zz[",
        "|?=<@",
        "J-=\\C",
        "cTr>",
        "|JsT@",
        "Jw!6",
        ",r0$",
        "Wuwg",
        "w+H`+",
        "Zxyx",
        ">M7j",
        "\"cwa[",
        "\\R'o",
        "e &!h+",
        "cnB\"L",
        "YfSc",
        "7Yw-",
        "u<<y",
        " pe;",
        "3!Gp",
        "{0%>",
        "-PV$",
        "FR0_",
        "8~;U",
        "LgVo",
        "ioM2",
        "J} ^t",
        "wBQ{}",
        "C>_J*A",
        "Kq{5>",
        "y[y}g",
        "V&Xax)",
        "h2PVo",
        "2hb6YX",
        "yd?7",
        "8NfR",
        "L@|Ky",
        "<p:H\"",
        "#zd.J",
        "zuzs",
        ";zk3t",
        "*D?C",
        "61P)8",
        "Qi(+",
        "[Fb ",
        "5#B(",
        "=c|$",
        "|1xm",
        " l\")",
        "3Ahf",
        "1}Gi",
        "o\"J}",
        "gb~&",
        "[/Jp",
        "^o_u",
        "k@n_",
        "oK~=",
        "Jvz:OO",
        "|/~&",
        "G=\"C",
        "z=Wr",
        "]I#!4!",
        "hFtm",
        "}GpY",
        "oVzy",
        "SIGl",
        "@\"`?@",
        "?#Q@i(2YD",
        "q8SyF",
        "q(H!",
        "& 4 10O",
        "oW!D[",
        "84c%ez",
        "xywSIpg",
        "i<~R",
        "rc&t",
        "/K~#",
        "wf!>Tg",
        "0M@f'",
        "NG[,",
        "31yr",
        "\"Pd`",
        "w<?e",
        "1I<?",
        "<_y~",
        "4_x}",
        "y2(A*",
        "rcQfb",
        "T?20r",
        "j[.M",
        "i=x{",
        "_JF@",
        "@6H@",
        "QV+ODc",
        "pL6!",
        ">m5l-B",
        "_H~h",
        "aN@7",
        ">H`%",
        "0,0G",
        "KW5!",
        "xBpv",
        "lB 1",
        "F6l<",
        "d]2m",
        "Gmqxg\"",
        "0MAl",
        "sVl\\",
        "6^x=",
        "1_WO",
        "l%A`",
        " Hc^YF3 ",
        "<~b~",
        "wc~d",
        "\\>1X",
        "[-XJ!",
        "z{}\\",
        "8Ia&",
        "by 4U",
        "I@3$d",
        "yI{-",
        ")<M3",
        "%A8X",
        "?,M.",
        "F\"0d",
        "bTGr",
        "yT\"F]g",
        "iRxW",
        "LBQ'",
        "7Sy8",
        "YvSfyw/",
        "z;Ko",
        "PyqA",
        "/d )8",
        "bJYL^T",
        "Ag<m2",
        "VbU8s",
        "~=Nc",
        "}z}_",
        "]jT@",
        ".WF\"hB",
        ">dPZ",
        "?Ha4",
        "0(-.",
        "7h&I",
        "~7NZ",
        "}jy)",
        "6d@u`+",
        "jhNA",
        "o_=%8",
        ";I@_",
        "}x5Jbf",
        ",yIC",
        "6m~V",
        ".S$1",
        "fcz+",
        "b$5c",
        "|:mQ",
        "DB A",
        "m;xDv)",
        "=DFw",
        "/|2ea",
        "!({.}Q0H!",
        ";I>>",
        "m6at",
        "{cz6",
        "<+v5*",
        "2`hP",
        "cO&W",
        "pOSe",
        "{bvOr",
        "6H.J~",
        "6A%4O",
        "(^>7f",
        "`Lu>",
        "2^Iy",
        "7(y>",
        "sd)6",
        "!@z`7",
        "x[^]",
        "q(He",
        "j?@r",
        "H r&",
        "5`4.J",
        "&d@B",
        "8v}Xn",
        "Xd`H",
        "8m6AX",
        ";zs.",
        " )0<",
        " 41Y",
        "3vmXN",
        "mB )",
        "h@W ",
        "4vMHV",
        "G(PG",
        "D\"p/",
        "J4g*",
        "oLSR",
        "{kru<",
        "yL{{",
        "TEXy",
        "jS$a",
        "~zfV",
        "z_m7",
        "M<^f",
        "U%=2",
        "mOon{",
        ")P),",
        "7 fl",
        "k\\y[",
        "_Wul-",
        "`~gs",
        "\\tyPF",
        "?t^)",
        "^C3b",
        "2 !h#",
        "dx.Rl",
        "W@7-",
        "em?G",
        "o?v>",
        "=iR@",
        "DOje",
        "sI`f4",
        "uK.>",
        "+P)L",
        "wypv",
        "R A0",
        "V.xOx_T",
        "'a J",
        "7)0D",
        "`{[$",
        "F/LB",
        "2 !D",
        "C.6I",
        "5:cW",
        "o3noje",
        "vCda",
        "!@!$*B",
        "*e!f'",
        "N) &",
        "4cJ%8",
        "Re.!D:",
        "z-m~~",
        "BPf<",
        ")#)(B",
        ":qFBx",
        ".k[S",
        "Q}(o",
        "8lkJ",
        "Wc#@",
        "yw$T",
        "}Kli",
        "pUhv",
        "^Fbpi",
        "6)C>",
        "tzx&",
        "R]po",
        "{`w'-",
        "CsRH",
        ".Q5+",
        "m@XFR",
        "BtI6",
        "FZdQ&r",
        "!d&)B",
        "L-|9.",
        "w-@N",
        "D`lq]",
        "2(~0",
        "ktFlL",
        "v.)h",
        "I&:=",
        "@J`O)",
        "^VF#",
        "B )<",
        "RH[\\",
        "qmx^",
        "a^Z\"",
        "BB 9)",
        "wf\"fO",
        "~nG%@",
        "dB!dB!hB",
        "IHR 7",
        "FB({(",
        "x/mp",
        "Jx$7}H",
        ")U%P",
        "%.!$-T",
        "pWBE",
        "Ud)m",
        "$)IA%:",
        ":ysr",
        "{,v8",
        "\"`7 ",
        "t{.-",
        "V{>'",
        ",(S!Y(Cf",
        "a9IP",
        ">zH'",
        "R;>if",
        "qzTV",
        "YKs/",
        "WU{a",
        "i P!",
        "<@:?k",
        "B@z<B",
        "G#3]",
        "y&3mf",
        "g6dxC",
        ".P!DB",
        "{imb",
        ",fAVM",
        "$@!1",
        "@(0L",
        "f\"O7",
        "v*#r",
        "seUb",
        "is*!",
        ",sZB",
        "W[g7W",
        "@e`S",
        "Gzst",
        "0Kz\\",
        "O\\^@",
        "S]<%",
        ",w@tA",
        "Bz\"B",
        "N|mlD",
        "X@X_",
        "5(/Vk",
        "tA x",
        "SS2-",
        ">}:'",
        "8AhYt",
        "qXy)",
        "\"O,T!",
        "ECQ&",
        "`0e9",
        "p~unM",
        "apta&",
        "(@!h(d",
        "9jdx",
        "`._W@",
        "u@ @p=",
        "tuUB",
        "YuU8]&ldx",
        "lfjE",
        "?&&@8",
        "GsS!t\"",
        "kZ?\\",
        "BrKt",
        "vfql:>C",
        "OX @5",
        "o&[1",
        "~=+ ",
        "*!lTh",
        "hK$&",
        "zEgf",
        "UKjC",
        "LU U",
        "zB5LG",
        "xtri",
        "@c@p",
        ">{Nv",
        "C>Fa",
        "t~:9",
        "6m*F",
        "su.! ",
        "|LVz>FE@",
        "TEcC",
        "s^-L",
        "?2{-N",
        "9{8d93",
        "`/A8~",
        "HX I",
        "nUm7",
        "PM@\"",
        "APkP<&",
        "B/XoX_",
        "UmGN@",
        "X5p#",
        "JN}<:5",
        "w{Ub",
        "L,)W",
        "00,W",
        "X%+?n",
        "7f^@B",
        ".>S!p",
        "<:KmJ*0",
        "\\MK4",
        "pa(C",
        "q4B_",
        "CG1\\U",
        "pd{K",
        "Ja\\-6G",
        "4 C-",
        "[d=s*",
        "jfRI",
        "Lu@ ",
        "yz\\yWlM~",
        "IAq|",
        "B3~o",
        "jH+F",
        "Z] p",
        "d\" `",
        "%BzG",
        "f9dR",
        ":\\h@",
        " Hu&",
        "x}.V",
        "[qA*68",
        "2Tf^",
        "\\CV;'",
        "VL `wZd~",
        "cwo_",
        "zlpZ",
        "}&i'k",
        "0TeD{",
        "22UVA",
        "@`)r",
        "y~qpz:",
        "K*E{1",
        "CKYOv",
        "2<DJ",
        "lP~;",
        "LJVI",
        "Wv+v",
        "<pN=3",
        "-Wbqx",
        "HB6:",
        "<IDAT",
        "rTNa",
        "Xxp%",
        "4wt/",
        "1Gwa",
        "Kp(>",
        "./]c",
        ")#?;t",
        "SUJv",
        "jR]o",
        "ycn3)io",
        "0S!4",
        "OC!R",
        "~gQa8",
        "JW _",
        "\\UPR",
        "YYSg",
        "3m}0",
        "lb~V",
        "P[a(,E",
        "69mV",
        "J!:+_m",
        "$,d:",
        "#`Ca",
        " L^3g",
        "7X``",
        "S`$*",
        "(@R,",
        "gZ4$",
        "`qtI",
        "t|~FX",
        "q>W|",
        "O` W",
        "0$gf",
        ": 0`",
        "h10v",
        "b+--*",
        "L$`s",
        "T~6$",
        "T:65",
        " 0 `",
        "a!p~B",
        "PG_C",
        ",>d=MT",
        "*<#O%",
        "x8K{?3~4",
        "*~m2",
        "out&",
        ":?c~f",
        "&MNB",
        "bi**",
        "rSSQ",
        "+r![s",
        "0:+s",
        "[vn+=",
        "0pSS^",
        "+2Vk",
        "M6W}6kY",
        "aP?9'",
        "=`rU",
        "1X5%",
        "%GLZ",
        "vCNo",
        "u]ax",
        "F8}-",
        "^c?Q",
        "zT<2",
        "cT$z",
        "G+{c",
        "c(aM",
        "B!U~8Hg",
        "IEND",
        "&@@>x",
        " 774_kki",
        "=YVU",
        "4ida",
        "LD?]",
        "SHC3",
        "KDE&",
        "4543!! B",
        "Hcdc}",
        "$%!/",
        "00,w",
        "yur:QNO[",
        "f_]'",
        "MML%BBBQ",
        "XXWB",
        "A>?2"
      ],
      "utf16le": [
        "%hs(%u)\\%hs!%p: ",
        "%hs!%p: ",
        "(caller: %p) ",
        "%hs(%d) tid(%x) %08X %ws",
        "    ",
        "Msg:[%ws] ",
        "CallContext:[%hs] ",
        "[%hs(%hs)]",
        "[%hs]",
        "ntdll.dll",
        "kernelbase.dll",
        "Local\\SM0:%lu:%lu:%hs",
        "ShowStoreBanner",
        "ms-windows-store:",
        "ms-windows-store://pdp/?PFN=Microsoft.WindowsNotepad_8wekyb3d8bbwe",
        "BannerClass",
        "Button",
        "tooltips_class32",
        "Software\\Microsoft\\Notepad",
        "Windows.System.Launcher",
        "Windows.Storage.StorageFile",
        "Windows.Foundation.Uri",
        "GB18030",
        "*.txt",
        "%s%c*.txt%c%s%c*.*%c",
        "prop:System.Security.EncryptionOwners",
        "feedback-hub://?tabid=2&contextid=1010",
        "https://go.microsoft.com/fwlink/?LinkId=834783",
        ".log",
        "FAIL/Error",
        "test/log",
        "Unknown",
        "lfEscapement",
        "lfOrientation",
        "lfWeight",
        "lfItalic",
        "lfUnderline",
        "lfStrikeOut",
        "lfCharSet",
        "lfOutPrecision",
        "lfClipPrecision",
        "lfQuality",
        "lfPitchAndFamily",
        "lfFaceName",
        "iPointSize",
        "fWrap",
        "StatusBar",
        "szHeader",
        "szTrailer",
        "iMarginTop",
        "iMarginBottom",
        "iMarginLeft",
        "iMarginRight",
        "iWindowPosX",
        "iWindowPosY",
        "iWindowPosDX",
        "iWindowPosDY",
        "fReverse",
        "fWrapAround",
        "fMatchCase",
        "searchString",
        "replaceString",
        "Lucida Console",
        "iDefaultEncoding",
        "fSaveWindowPositions",
        "fWindowsOnlyEOL",
        "fPasteOriginalEOL",
        "fMLE_is_broken",
        ".txt",
        "/.SETUP",
        "SlipUpAcc",
        "RestartByRestartManager:",
        "Edit",
        "commdlg_FindReplace",
        "commdlg_help",
        "GlobalAcc",
        "MainAcc",
        "Notepad",
        "NPCTXT",
        "Software\\Microsoft\\Notepad\\DefaultFonts",
        "https://go.microsoft.com/fwlink/p/?linkid=838060",
        "\\Notepad",
        "*Untitled*",
        "Software\\Microsoft\\Notepad\\Autosave",
        "%i,%s,%s",
        "%s\\%s.autosave",
        "probe.autosave",
        "%s\\%s",
        "%08lX-%04X-%04x-%02X%02X-%02X%02X%02X%02X%02X%02X",
        "EditMenu",
        "ContextMenu",
        "\\Microsoft\\WindowsApps\\Microsoft.WindowsNotepad_8wekyb3d8bbwe\\notepad.exe",
        "FileDialog",
        "Not implemented.",
        "Use command line to specify file name instead.",
        "Security-SPP-GenuineLocalStatus",
        "WinSta0",
        "Default",
        "Segoe UI Light",
        "Segoe UI SemiBold",
        "Segoe UI",
        "Segoe Pseudo",
        "Yu Gothic UI Light",
        "Yu Gothic UI Semibold",
        "Yu Gothic UI",
        "Malgun Gothic Semilight",
        "Malgun Gothic Bold",
        "Malgun Gothic",
        "Leelawadee UI Semilight",
        "Leelawadee UI Bold",
        "Leelawadee UI",
        "Microsoft YaHei UI Light",
        "Microsoft YaHei UI Bold",
        "Microsoft YaHei UI",
        "Microsoft JhengHei UI Light",
        "Microsoft JhengHei UI Bold",
        "Microsoft JhengHei UI",
        "Windows.ApplicationModel.DataTransfer.Clipboard",
        "Windows.Security.EnterpriseData.ProtectionPolicyManager",
        "Windows.Security.EnterpriseData.FileProtectionManager",
        "EDPENLIGHTENEDAPPINFOID",
        "MICROSOFTEDPENLIGHTENEDAPPINFO",
        "EDPPERMISSIVEAPPINFOID",
        "MICROSOFTEDPPERMISSIVEAPPINFO",
        "VS_VERSION_INFO",
        "StringFileInfo",
        "040904B0",
        "CompanyName",
        "Microsoft Corporation",
        "FileDescription",
        "Notepad",
        "FileVersion",
        "10.0.26100.7309 (WinBuild.160101.0800)",
        "InternalName",
        "Notepad",
        "LegalCopyright",
        " Microsoft Corporation. All rights reserved.",
        "OriginalFilename",
        "NOTEPAD.EXE",
        "ProductName",
        "Microsoft",
        " Windows",
        " Operating System",
        "ProductVersion",
        "10.0.26100.7309",
        "VarFileInfo",
        "Translation",
        "EDPENLIGHTENEDAPPINFOID",
        "EDPPERMISSIVEAPPINFOID",
        "en-US"
      ],
      "truncated": false
    },
    "iocs": {
      "urls": [
        "http://schemas.microsoft.com/SMI/2016/WindowsSettings",
        "https://go.microsoft.com/fwlink/?LinkId=834783",
        "https://go.microsoft.com/fwlink/p/?linkid=838060"
      ],
      "ipv4": [
        "5.1.0.0",
        "6.0.0.0"
      ],
      "domains": [
        "ADVAPI32.dll",
        "COMCTL32.dll",
        "COMDLG32.dll",
        "GDI32.dll",
        "Microsoft.Notepad",
        "Microsoft.Windows.Common",
        "Microsoft.Windows.Shell.notepad",
        "NOTEPAD.EXE",
        "PROPSYS.dll",
        "SHELL32.dll",
        "System.Security.EncryptionOwners",
        "USER32.dll",
        "WINSPOOL.DRV",
        "Windows.ApplicationModel.DataTransfer.Clipboard",
        "Windows.Foundation.Uri",
        "Windows.Security.EnterpriseData.FileProtectionManager",
        "Windows.Security.EnterpriseData.ProtectionPolicyManager",
        "Windows.Storage.StorageFile",
        "Windows.System.Launcher",
        "api-ms-win-base-util-l1-1-0.dll",
        "api-ms-win-core-com-l1-1-0.dll",
        "api-ms-win-core-datetime-l1-1-0.dll",
        "api-ms-win-core-debug-l1-1-0.dll",
        "api-ms-win-core-delayload-l1-1-0.dll",
        "api-ms-win-core-delayload-l1-1-1.dll",
        "api-ms-win-core-errorhandling-l1-1-0.dll",
        "api-ms-win-core-file-l1-1-0.dll",
        "api-ms-win-core-handle-l1-1-0.dll",
        "api-ms-win-core-heap-l1-1-0.dll",
        "api-ms-win-core-heap-l2-1-0.dll",
        "api-ms-win-core-heap-obsolete-l1-1-0.dll",
        "api-ms-win-core-interlocked-l1-1-0.dll",
        "api-ms-win-core-largeinteger-l1-1-0.dll",
        "api-ms-win-core-libraryloader-l1-2-0.dll",
        "api-ms-win-core-libraryloader-l1-2-1.dll",
        "api-ms-win-core-localization-l1-2-0.dll",
        "api-ms-win-core-localization-obsolete-l1-2-0.dll",
        "api-ms-win-core-memory-l1-1-0.dll",
        "api-ms-win-core-processenvironment-l1-1-0.dll",
        "api-ms-win-core-processthreads-l1-1-0.dll",
        "api-ms-win-core-processthreads-l1-1-1.dll",
        "api-ms-win-core-profile-l1-1-0.dll",
        "api-ms-win-core-psapi-l1-1-0.dll",
        "api-ms-win-core-registry-l1-1-0.dll",
        "api-ms-win-core-registry-l1-1-1.dll",
        "api-ms-win-core-registry-l2-1-0.dll",
        "api-ms-win-core-shlwapi-legacy-l1-1-0.dll",
        "api-ms-win-core-string-l1-1-0.dll",
        "api-ms-win-core-string-obsolete-l1-1-0.dll",
        "api-ms-win-core-synch-l1-1-0.dll",
        "api-ms-win-core-sysinfo-l1-1-0.dll",
        "api-ms-win-core-threadpool-l1-2-0.dll",
        "api-ms-win-core-windowserrorreporting-l1-1-3.dll",
        "api-ms-win-core-winrt-error-l1-1-0.dll",
        "api-ms-win-core-winrt-error-l1-1-1.dll",
        "api-ms-win-core-winrt-l1-1-0.dll",
        "api-ms-win-core-winrt-string-l1-1-0.dll",
        "api-ms-win-crt-private-l1-1-0.dll",
        "api-ms-win-crt-runtime-l1-1-0.dll",
        "api-ms-win-crt-string-l1-1-0.dll",
        "api-ms-win-eventing-provider-l1-1-0.dll",
        "api-ms-win-security-base-l1-1-0.dll",
        "api-ms-win-shcore-obsolete-l1-1-0.dll",
        "api-ms-win-shcore-path-l1-1-0.dll",
        "api-ms-win-shcore-scaling-l1-1-1.dll",
        "banner.cpp",
        "comdlg32.dll",
        "dx.Rl",
        "edpapphelper.cpp",
        "go.microsoft.com",
        "kernelbase.dll",
        "notepad.cpp",
        "notepad.exe",
        "notepad.pdb",
        "nprestart.cpp",
        "ntdll.dll",
        "probe.autosave",
        "s.autosave",
        "schemas.microsoft.com",
        "urlmon.dll"
      ]
    },
    "pe": {
      "present": true,
      "dos": {
        "e_lfanew": 248
      },
      "nt": {
        "signature": "PE\\0\\0"
      },
      "coff": {
        "machine": 43620,
        "number_of_sections": 8,
        "time_date_stamp": 1088732447,
        "characteristics": 34,
        "is_dll": false
      },
      "optional": {
        "magic": 523,
        "is_pe32_plus": true,
        "address_of_entry_point": 6912,
        "image_base": 5368709120,
        "subsystem": 2,
        "dll_characteristics": 49504,
        "size_of_image": 352256,
        "data_directories": {
          "number_of_rva_and_sizes": 16,
          "export_table_rva": 0,
          "export_table_size": 0,
          "import_table_rva": 188184,
          "import_table_size": 1000,
          "resource_table_rva": 221184,
          "resource_table_size": 123344,
          "security_table_offset": 0,
          "security_table_size": 0
        }
      },
      "sections": [
        {
          "name": ".text",
          "virtual_size": 149500,
          "virtual_address": 4096,
          "raw_size": 149504,
          "raw_ptr": 1024,
          "characteristics": 1610612768,
          "entropy": 6.369471,
          "entropy_bytes_used": 149504
        },
        {
          "name": "fothk",
          "virtual_size": 4096,
          "virtual_address": 155648,
          "raw_size": 4096,
          "raw_ptr": 150528,
          "characteristics": 1610612768,
          "entropy": 0.01969,
          "entropy_bytes_used": 4096
        },
        {
          "name": ".rdata",
          "virtual_size": 39708,
          "virtual_address": 159744,
          "raw_size": 39936,
          "raw_ptr": 154624,
          "characteristics": 1073741888,
          "entropy": 5.788826,
          "entropy_bytes_used": 39936
        },
        {
          "name": ".data",
          "virtual_size": 9600,
          "virtual_address": 200704,
          "raw_size": 3584,
          "raw_ptr": 194560,
          "characteristics": 3221225536,
          "entropy": 1.772063,
          "entropy_bytes_used": 3584
        },
        {
          "name": ".pdata",
          "virtual_size": 3904,
          "virtual_address": 212992,
          "raw_size": 4096,
          "raw_ptr": 198144,
          "characteristics": 1073741888,
          "entropy": 4.974175,
          "entropy_bytes_used": 4096
        },
        {
          "name": ".didat",
          "virtual_size": 248,
          "virtual_address": 217088,
          "raw_size": 512,
          "raw_ptr": 202240,
          "characteristics": 3221225536,
          "entropy": 1.422344,
          "entropy_bytes_used": 512
        },
        {
          "name": ".rsrc",
          "virtual_size": 123344,
          "virtual_address": 221184,
          "raw_size": 123392,
          "raw_ptr": 202752,
          "characteristics": 1073741888,
          "entropy": 7.097963,
          "entropy_bytes_used": 123392
        },
        {
          "name": ".reloc",
          "virtual_size": 852,
          "virtual_address": 348160,
          "raw_size": 1024,
          "raw_ptr": 326144,
          "characteristics": 1107296320,
          "entropy": 4.486367,
          "entropy_bytes_used": 1024
        }
      ],
      "section_count_parsed": 8,
      "imports": [
        {
          "dll": "COMCTL32.dll",
          "functions": [
            "CreateStatusWindowW",
            "ImageList_Create",
            "ImageList_Destroy",
            "ImageList_Draw",
            "ImageList_GetIconSize",
            "ImageList_ReplaceIcon",
            "ImageList_SetBkColor"
          ],
          "ordinals": [
            345,
            381,
            410,
            413
          ]
        },
        {
          "dll": "GDI32.dll",
          "functions": [
            "AbortDoc",
            "CreateCompatibleDC",
            "CreateDCW",
            "CreateFontIndirectW",
            "CreateSolidBrush",
            "DeleteDC",
            "DeleteObject",
            "EndDoc",
            "EndPage",
            "EnumFontsW",
            "GetDeviceCaps",
            "GetTextExtentPoint32W",
            "GetTextFaceW",
            "GetTextMetricsW",
            "LPtoDP",
            "SelectObject",
            "SetAbortProc",
            "SetBkColor",
            "SetBkMode",
            "SetMapMode",
            "SetViewportExtEx",
            "SetWindowExtEx",
            "StartDocW",
            "StartPage",
            "TextOutW"
          ],
          "ordinals": []
        },
        {
          "dll": "USER32.dll",
          "functions": [
            "BeginPaint",
            "CharNextW",
            "CharUpperW",
            "CheckDlgButton",
            "CheckMenuItem",
            "CheckRadioButton",
            "CloseClipboard",
            "CreateDialogIndirectParamW",
            "CreateDialogParamW",
            "CreateWindowExW",
            "DefWindowProcW",
            "DestroyIcon",
            "DestroyWindow",
            "DialogBoxParamW",
            "DispatchMessageW",
            "DrawFocusRect",
            "DrawTextExW",
            "DrawTextW",
            "EnableMenuItem",
            "EnableWindow",
            "EndDialog",
            "EndPaint",
            "FillRect",
            "GetClientRect",
            "GetDC",
            "GetDlgCtrlID",
            "GetDlgItem",
            "GetDlgItemTextW",
            "GetDpiForWindow",
            "GetFocus",
            "GetForegroundWindow",
            "GetKeyboardLayout",
            "GetMenu",
            "GetMessageW",
            "GetPropW",
            "GetSubMenu",
            "GetSystemMenu",
            "GetWindowLongW",
            "GetWindowPlacement",
            "GetWindowTextLengthW",
            "GetWindowTextW",
            "InvalidateRect",
            "IsClipboardFormatAvailable",
            "IsDialogMessageW",
            "IsDlgButtonChecked",
            "IsIconic",
            "IsWindow",
            "LoadAcceleratorsW",
            "LoadCursorW",
            "LoadIconW",
            "LoadImageW",
            "LoadStringW",
            "MessageBeep",
            "MessageBoxW",
            "MonitorFromWindow",
            "MoveWindow",
            "NotifyWinEvent",
            "OpenClipboard",
            "PeekMessageW",
            "PostMessageW",
            "PostQuitMessage",
            "RedrawWindow",
            "RegisterClassExW",
            "RegisterWindowMessageW",
            "ReleaseDC",
            "RemovePropW",
            "SendDlgItemMessageW",
            "SendMessageW",
            "SetActiveWindow",
            "SetCursor",
            "SetDlgItemTextW",
            "SetFocus",
            "SetPropW",
            "SetScrollPos",
            "SetThreadDpiAwarenessContext",
            "SetWinEventHook",
            "SetWindowLongW",
            "SetWindowPlacement",
            "SetWindowPos",
            "SetWindowTextW",
            "ShowWindow",
            "SystemParametersInfoForDpi",
            "TrackMouseEvent",
            "TranslateAcceleratorW",
            "TranslateMessage",
            "UnhookWinEvent",
            "UpdateWindow"
          ],
          "ordinals": []
        },
        {
          "dll": "api-ms-win-base-util-l1-1-0.dll",
          "functions": [
            "IsTextUnicode"
          ],
          "ordinals": []
        },
        {
          "dll": "api-ms-win-core-com-l1-1-0.dll",
          "functions": [
            "CoCreateFreeThreadedMarshaler",
            "CoCreateGuid",
            "CoCreateInstance",
            "CoInitializeEx",
            "CoTaskMemAlloc",
            "CoTaskMemFree",
            "CoUninitialize",
            "CoWaitForMultipleHandles",
            "PropVariantClear"
          ],
          "ordinals": []
        },
        {
          "dll": "api-ms-win-core-datetime-l1-1-0.dll",
          "functions": [
            "GetDateFormatW",
            "GetTimeFormatW"
          ],
          "ordinals": []
        },
        {
          "dll": "api-ms-win-core-debug-l1-1-0.dll",
          "functions": [
            "DebugBreak",
            "IsDebuggerPresent",
            "OutputDebugStringW"
          ],
          "ordinals": []
        },
        {
          "dll": "api-ms-win-core-delayload-l1-1-0.dll",
          "functions": [
            "DelayLoadFailureHook"
          ],
          "ordinals": []
        },
        {
          "dll": "api-ms-win-core-delayload-l1-1-1.dll",
          "functions": [
            "ResolveDelayLoadedAPI"
          ],
          "ordinals": []
        },
        {
          "dll": "api-ms-win-core-errorhandling-l1-1-0.dll",
          "functions": [
            "GetLastError",
            "RaiseException",
            "SetLastError",
            "SetUnhandledExceptionFilter"
          ],
          "ordinals": []
        },
        {
          "dll": "api-ms-win-core-file-l1-1-0.dll",
          "functions": [
            "CreateDirectoryW",
            "CreateFileW",
            "DeleteFileW",
            "FindClose",
            "FindFirstFileW",
            "GetDiskFreeSpaceExW",
            "GetFileAttributesExW",
            "GetFileAttributesW",
            "GetFileInformationByHandle",
            "GetFullPathNameW",
            "ReadFile",
            "SetEndOfFile",
            "WriteFile"
          ],
          "ordinals": []
        },
        {
          "dll": "api-ms-win-core-handle-l1-1-0.dll",
          "functions": [
            "CloseHandle"
          ],
          "ordinals": []
        },
        {
          "dll": "api-ms-win-core-heap-l1-1-0.dll",
          "functions": [
            "GetProcessHeap",
            "HeapAlloc",
            "HeapFree",
            "HeapSetInformation"
          ],
          "ordinals": []
        },
        {
          "dll": "api-ms-win-core-heap-l2-1-0.dll",
          "functions": [
            "GlobalAlloc",
            "GlobalFree",
            "LocalAlloc",
            "LocalFree",
            "LocalLock",
            "LocalReAlloc",
            "LocalUnlock"
          ],
          "ordinals": []
        },
        {
          "dll": "api-ms-win-core-heap-obsolete-l1-1-0.dll",
          "functions": [
            "GlobalLock",
            "GlobalUnlock",
            "LocalSize"
          ],
          "ordinals": []
        },
        {
          "dll": "api-ms-win-core-interlocked-l1-1-0.dll",
          "functions": [
            "InitializeSListHead"
          ],
          "ordinals": []
        },
        {
          "dll": "api-ms-win-core-largeinteger-l1-1-0.dll",
          "functions": [
            "MulDiv"
          ],
          "ordinals": []
        },
        {
          "dll": "api-ms-win-core-libraryloader-l1-2-0.dll",
          "functions": [
            "FindResourceExW",
            "FreeLibrary",
            "GetModuleFileNameA",
            "GetModuleFileNameW",
            "GetModuleHandleA",
            "GetModuleHandleExW",
            "GetModuleHandleW",
            "GetProcAddress",
            "LoadResource",
            "LockResource"
          ],
          "ordinals": []
        },
        {
          "dll": "api-ms-win-core-libraryloader-l1-2-1.dll",
          "functions": [
            "FindResourceW"
          ],
          "ordinals": []
        },
        {
          "dll": "api-ms-win-core-localization-l1-2-0.dll",
          "functions": [
            "FindNLSString",
            "FormatMessageW",
            "GetACP",
            "GetLocaleInfoW"
          ],
          "ordinals": []
        },
        {
          "dll": "api-ms-win-core-localization-obsolete-l1-2-0.dll",
          "functions": [
            "GetUserDefaultUILanguage"
          ],
          "ordinals": []
        },
        {
          "dll": "api-ms-win-core-memory-l1-1-0.dll",
          "functions": [
            "CreateFileMappingW",
            "MapViewOfFile",
            "UnmapViewOfFile"
          ],
          "ordinals": []
        },
        {
          "dll": "api-ms-win-core-processenvironment-l1-1-0.dll",
          "functions": [
            "GetCommandLineW",
            "GetCurrentDirectoryW",
            "SetCurrentDirectoryW"
          ],
          "ordinals": []
        },
        {
          "dll": "api-ms-win-core-processthreads-l1-1-0.dll",
          "functions": [
            "CreateProcessW",
            "GetCurrentProcess",
            "GetCurrentProcessId",
            "GetCurrentThreadId",
            "GetStartupInfoW",
            "OpenProcessToken"
          ],
          "ordinals": []
        },
        {
          "dll": "api-ms-win-core-processthreads-l1-1-1.dll",
          "functions": [
            "GetProcessMitigationPolicy"
          ],
          "ordinals": []
        },
        {
          "dll": "api-ms-win-core-profile-l1-1-0.dll",
          "functions": [
            "QueryPerformanceCounter"
          ],
          "ordinals": []
        },
        {
          "dll": "api-ms-win-core-psapi-l1-1-0.dll",
          "functions": [
            "K32GetModuleFileNameExW"
          ],
          "ordinals": []
        },
        {
          "dll": "api-ms-win-core-registry-l1-1-0.dll",
          "functions": [
            "RegCloseKey",
            "RegCreateKeyExW",
            "RegDeleteKeyExW",
            "RegEnumValueW",
            "RegGetValueW",
            "RegOpenKeyExW",
            "RegQueryInfoKeyW",
            "RegQueryValueExW",
            "RegSetValueExW"
          ],
          "ordinals": []
        },
        {
          "dll": "api-ms-win-core-registry-l1-1-1.dll",
          "functions": [
            "RegSetKeyValueW"
          ],
          "ordinals": []
        },
        {
          "dll": "api-ms-win-core-registry-l2-1-0.dll",
          "functions": [
            "RegCreateKeyW"
          ],
          "ordinals": []
        },
        {
          "dll": "api-ms-win-core-shlwapi-legacy-l1-1-0.dll",
          "functions": [
            "PathFileExistsW",
            "PathFindExtensionW",
            "PathIsFileSpecW"
          ],
          "ordinals": []
        },
        {
          "dll": "api-ms-win-core-string-l1-1-0.dll",
          "functions": [
            "CompareStringOrdinal",
            "FoldStringW",
            "MultiByteToWideChar",
            "WideCharToMultiByte"
          ],
          "ordinals": []
        },
        {
          "dll": "api-ms-win-core-string-obsolete-l1-1-0.dll",
          "functions": [
            "lstrcmpiW"
          ],
          "ordinals": []
        },
        {
          "dll": "api-ms-win-core-synch-l1-1-0.dll",
          "functions": [
            "AcquireSRWLockExclusive",
            "AcquireSRWLockShared",
            "CreateEventExW",
            "CreateMutexExW",
            "CreateSemaphoreExW",
            "DeleteCriticalSection",
            "EnterCriticalSection",
            "InitializeCriticalSectionEx",
            "LeaveCriticalSection",
            "OpenSemaphoreW",
            "ReleaseMutex",
            "ReleaseSRWLockExclusive",
            "ReleaseSRWLockShared",
            "ReleaseSemaphore",
            "SetEvent",
            "WaitForSingleObject",
            "WaitForSingleObjectEx"
          ],
          "ordinals": []
        },
        {
          "dll": "api-ms-win-core-sysinfo-l1-1-0.dll",
          "functions": [
            "GetLocalTime",
            "GetSystemTimeAsFileTime"
          ],
          "ordinals": []
        },
        {
          "dll": "api-ms-win-core-threadpool-l1-2-0.dll",
          "functions": [
            "CloseThreadpoolTimer",
            "CreateThreadpoolTimer",
            "SetThreadpoolTimer",
            "WaitForThreadpoolTimerCallbacks"
          ],
          "ordinals": []
        },
        {
          "dll": "api-ms-win-core-windowserrorreporting-l1-1-3.dll",
          "functions": [
            "RegisterApplicationRestart"
          ],
          "ordinals": []
        },
        {
          "dll": "api-ms-win-core-winrt-error-l1-1-0.dll",
          "functions": [
            "SetRestrictedErrorInfo"
          ],
          "ordinals": []
        },
        {
          "dll": "api-ms-win-core-winrt-error-l1-1-1.dll",
          "functions": [
            "RoGetMatchingRestrictedErrorInfo"
          ],
          "ordinals": []
        },
        {
          "dll": "api-ms-win-core-winrt-l1-1-0.dll",
          "functions": [
            "RoGetActivationFactory"
          ],
          "ordinals": []
        },
        {
          "dll": "api-ms-win-core-winrt-string-l1-1-0.dll",
          "functions": [
            "WindowsCreateString",
            "WindowsCreateStringReference",
            "WindowsDeleteString",
            "WindowsGetStringRawBuffer"
          ],
          "ordinals": []
        },
        {
          "dll": "api-ms-win-crt-private-l1-1-0.dll",
          "functions": [
            "_CxxThrowException",
            "__C_specific_handler",
            "__CxxFrameHandler3",
            "__current_exception",
            "__current_exception_context",
            "_o___p__commode",
            "_o___std_exception_copy",
            "_o___std_exception_destroy",
            "_o___stdio_common_vswprintf",
            "_o__beginthreadex",
            "_o__callnewh",
            "_o__cexit",
            "_o__configthreadlocale",
            "_o__configure_wide_argv",
            "_o__crt_atexit",
            "_o__errno",
            "_o__exit",
            "_o__get_wide_winmain_command_line",
            "_o__initialize_onexit_table",
            "_o__initialize_wide_environment",
            "_o__invalid_parameter_noinfo",
            "_o__purecall",
            "_o__register_onexit_function",
            "_o__seh_filter_exe",
            "_o__set_app_type",
            "_o__set_fmode",
            "_o__set_new_mode",
            "_o__wcsicmp",
            "_o__wtol",
            "_o_exit",
            "_o_free",
            "_o_iswdigit",
            "_o_malloc",
            "_o_terminate",
            "memcmp",
            "memcpy",
            "memmove",
            "wcschr",
            "wcsrchr"
          ],
          "ordinals": []
        },
        {
          "dll": "api-ms-win-crt-runtime-l1-1-0.dll",
          "functions": [
            "_c_exit",
            "_initterm",
            "_initterm_e",
            "_register_thread_local_exe_atexit_callback"
          ],
          "ordinals": []
        },
        {
          "dll": "api-ms-win-crt-string-l1-1-0.dll",
          "functions": [
            "memset",
            "wcscmp",
            "wcsnlen"
          ],
          "ordinals": []
        },
        {
          "dll": "api-ms-win-eventing-provider-l1-1-0.dll",
          "functions": [
            "EventRegister",
            "EventSetInformation",
            "EventUnregister",
            "EventWriteTransfer"
          ],
          "ordinals": []
        },
        {
          "dll": "api-ms-win-security-base-l1-1-0.dll",
          "functions": [
            "GetTokenInformation"
          ],
          "ordinals": []
        },
        {
          "dll": "api-ms-win-shcore-obsolete-l1-1-0.dll",
          "functions": [
            "SHStrDupW"
          ],
          "ordinals": []
        },
        {
          "dll": "api-ms-win-shcore-path-l1-1-0.dll",
          "functions": [],
          "ordinals": [
            170
          ]
        },
        {
          "dll": "api-ms-win-shcore-scaling-l1-1-1.dll",
          "functions": [
            "GetDpiForMonitor"
          ],
          "ordinals": []
        }
      ],
      "exports": {
        "present": false,
        "dll_name": null,
        "ordinal_base": 0,
        "function_count": 0,
        "name_count": 0,
        "names": [],
        "ordinals": []
      },
      "resources": {
        "present": true,
        "version_info": {
          "CompanyName": "Microsoft Corporation",
          "FileDescription": "Notepad",
          "FileVersion": "10.0.26100.7309 (WinBuild.160101.0800)",
          "InternalName": "Notepad",
          "LegalCopyright": "© Microsoft Corporation. All rights reserved.",
          "OriginalFilename": "NOTEPAD.EXE",
          "ProductName": "Microsoft® Windows® Operating System",
          "ProductVersion": "10.0.26100.7309"
        }
      },
      "heuristics": {
        "entrypoint_section": ".text",
        "high_entropy_sections": [],
        "high_entropy_threshold": 7.2,
        "suspicious_section_names": [],
        "security_directory_present": false,
        "security_directory_listed": false,
        "security_blob_readable": null,
        "imports_fingerprint_sha256": "02bdf71920cfbd141d869e4242d815861cd71891e54b1c7e72c92af9b042d9cc",
        "flags": [
          "entrypoint_section_resolved"
        ]
      }
    },
    "input_read": {
      "max_input_bytes": 20000000,
      "truncated": false,
      "bytes_read": 327168
    }
  },
  "errors": []
}